age,salary,experience
age,1.0,0.9835048430247101,0.9889659352363607
salary,0.9835048430247101,1.0,0.9870345246164329
experience,0.9889659352363607,0.9870345246164329,1.0
