,id,age,salary,experience
count,10.0,10.0,10.0,10.0
mean,5.5,31.2,47200.0,5.7
std,3.0276503540974917,7.067924416372572,18359.37544326241,4.571651780264984
min,1.0,22.0,25000.0,1.0
25%,3.25,26.5,35750.0,2.25
50%,5.5,29.5,43500.0,4.5
75%,7.75,34.25,51500.0,6.75
max,10.0,45.0,85000.0,15.0
